,Value Iteration,Value Iteration,Value Iteration,Value Iteration,Random Agent,Random Agent,Random Agent,Random Agent
,Highway 1Hz,Highway 1Hz,Highway 5Hz,Highway 5Hz,Highway 1Hz,Highway 1Hz,Highway 5Hz,Highway 5Hz
,reward,length,reward,length,reward,length,reward,length
0,39.017084532789504,1.0,6.649861591706042,0.04,5.514889389864642,0.2,10.997241380619176,0.07
1,39.39728006570408,1.0,13.752276773761658,0.075,9.195108350373852,0.3,74.47494908965088,0.49
2,39.77739957242345,1.0,88.8022856536442,0.45,14.399760871380144,0.475,18.97304939412742,0.12
3,39.53060901059573,1.0,151.26125508277715,0.765,5.5046644922030605,0.2,112.49232769510594,0.69
4,2.001889585690506,0.075,59.238178392396925,0.305,12.915094719649316,0.375,48.35024713263832,0.275
